State/UnionTerritory,Confirmed,Deaths,Cured
Maharashtra,1121491467,23737432,1018765039
Karnataka,485970693,6053762,441844360
Kerala,458906023,1888177,420174235
Tamil Nadu,431928644,5916658,404095807
Andhra Pradesh,392432753,2939367,370426530
Uttar Pradesh,312625843,4143450,291479351
Delhi,287227765,4943294,273419887
West Bengal,263107876,3846989,247515102
Chhattisgarh,163776262,2063920,151609364
Rajasthan,162369656,1473089,150356820
